Job Title,Company,Location,Experience,Employment Type,Description
Senior Python Developer,Flipkart,Ahmedabad,3-6 Years,Full Time,"Stewartbury, AA
      

2021-04-08"
Energy engineer,TCS,Bengaluru,2-5 Years,Permanent,"Christopherville, AA
      

2021-04-08"
Legal executive,HCL,Chennai,0-2 Years,Permanent,"Port Ericaburgh, AA
      

2021-04-08"
Fitness centre manager,Capgemini,Bengaluru,3-6 Years,Full Time,"East Seanview, AP
      

2021-04-08"
Product manager,Wipro,Noida,2-5 Years,Full Time,"North Jamieview, AP
      

2021-04-08"
Medical technical officer,Cognizant,Chennai,0-2 Years,Full Time,"Davidville, AP
      

2021-04-08"
Physiological scientist,Infosys,Bengaluru,2-5 Years,Permanent,"South Christopher, AE
      

2021-04-08"
Textile designer,Wipro,Ahmedabad,3-6 Years,Permanent,"Port Jonathan, AE
      

2021-04-08"
Television floor manager,Accenture India,Ahmedabad,3-6 Years,Full Time,"Osbornetown, AE
      

2021-04-08"
Waste management officer,Wipro,Bengaluru,0-2 Years,Permanent,"Scotttown, AP
      

2021-04-08"
Software Engineer (Python),Zomato,Noida,2-5 Years,Permanent,"Ericberg, AE
      

2021-04-08"
Interpreter,HCL,Chennai,2-5 Years,Full Time,"Ramireztown, AE
      

2021-04-08"
Architect,Accenture India,Pune,2-5 Years,Permanent,"Figueroaview, AA
      

2021-04-08"
Meteorologist,Zomato,Chennai,3-6 Years,Full Time,"Kelseystad, AA
      

2021-04-08"
Audiological scientist,HCL,Noida,3-6 Years,Full Time,"Williamsburgh, AE
      

2021-04-08"
English as a second language teacher,Zomato,Kochi,2-5 Years,Permanent,"Mitchellburgh, AE
      

2021-04-08"
Surgeon,HCL,Pune,3-6 Years,Permanent,"West Jessicabury, AA
      

2021-04-08"
Equities trader,TCS,Noida,0-2 Years,Full Time,"Maloneshire, AE
      

2021-04-08"
Newspaper journalist,Cognizant,Chennai,2-5 Years,Permanent,"Johnsonton, AA
      

2021-04-08"
Materials engineer,Tech Mahindra,Gurugram,3-6 Years,Full Time,"South Davidtown, AP
      

2021-04-08"
Python Programmer (Entry-Level),Tech Mahindra,Mumbai,2-5 Years,Full Time,"Port Sara, AE
      

2021-04-08"
Product/process development scientist,Flipkart,Gurugram,1-3 Years,Permanent,"Marktown, AA
      

2021-04-08"
"Scientist, research (maths)",Swiggy,Pune,2-5 Years,Permanent,"Laurenland, AE
      

2021-04-08"
Ecologist,Flipkart,Bengaluru,0-2 Years,Full Time,"Lauraton, AP
      

2021-04-08"
Materials engineer,Wipro,Mumbai,2-5 Years,Full Time,"South Tammyberg, AP
      

2021-04-08"
Historic buildings inspector/conservation officer,HCL,Kochi,2-5 Years,Full Time,"North Brandonville, AP
      

2021-04-08"
Data scientist,Cognizant,Mumbai,3-6 Years,Permanent,"Port Robertfurt, AA
      

2021-04-08"
Psychiatrist,HCL,Chennai,2-5 Years,Permanent,"Burnettbury, AE
      

2021-04-08"
Structural engineer,Accenture India,Kochi,2-5 Years,Full Time,"Herbertside, AA
      

2021-04-08"
Immigration officer,TCS,Pune,2-5 Years,Permanent,"Christopherport, AP
      

2021-04-08"
Python Programmer (Entry-Level),Infosys,Kochi,0-2 Years,Permanent,"West Victor, AE
      

2021-04-08"
Neurosurgeon,TCS,Gurugram,0-2 Years,Full Time,"Port Aaron, AP
      

2021-04-08"
Broadcast engineer,Capgemini,Bengaluru,0-2 Years,Full Time,"Loribury, AA
      

2021-04-08"
Make,Paytm,Noida,0-2 Years,Permanent,"Angelastad, AP
      

2021-04-08"
"Nurse, adult",Zomato,Mumbai,1-3 Years,Full Time,"Larrytown, AE
      

2021-04-08"
Air broker,HCL,Kochi,2-5 Years,Permanent,"West Colin, AP
      

2021-04-08"
"Editor, film/video",Cognizant,Noida,3-6 Years,Permanent,"West Stephanie, AP
      

2021-04-08"
"Production assistant, radio",Tech Mahindra,Ahmedabad,1-3 Years,Full Time,"Laurentown, AP
      

2021-04-08"
"Engineer, communications",TCS,Hyderabad,3-6 Years,Full Time,"Wrightberg, AP
      

2021-04-08"
Sales executive,Swiggy,Ahmedabad,1-3 Years,Permanent,"Alberttown, AE
      

2021-04-08"
Software Developer (Python),Wipro,Chennai,3-6 Years,Permanent,"Brockburgh, AE
      

2021-04-08"
Futures trader,Wipro,Bengaluru,1-3 Years,Full Time,"North Jason, AE
      

2021-04-08"
Tour manager,HCL,Noida,1-3 Years,Permanent,"Arnoldhaven, AE
      

2021-04-08"
Cytogeneticist,Paytm,Chennai,3-6 Years,Full Time,"Lake Destiny, AP
      

2021-04-08"
"Designer, multimedia",Zomato,Hyderabad,0-2 Years,Permanent,"South Timothyburgh, AP
      

2021-04-08"
Trade union research officer,Tech Mahindra,Kochi,3-6 Years,Full Time,"New Jimmyton, AE
      

2021-04-08"
"Chemist, analytical",HCL,Kochi,2-5 Years,Permanent,"New Lucasbury, AP
      

2021-04-08"
"Programmer, multimedia",Capgemini,Hyderabad,2-5 Years,Permanent,"Port Cory, AE
      

2021-04-08"
"Engineer, broadcasting (operations)",Accenture India,Mumbai,3-6 Years,Full Time,"Gileston, AA
      

2021-04-08"
"Teacher, primary school",Cognizant,Noida,1-3 Years,Permanent,"Cindyshire, AA
      

2021-04-08"
Python Developer,Flipkart,Bengaluru,3-6 Years,Permanent,"East Michaelfort, AA
      

2021-04-08"
Manufacturing systems engineer,HCL,Kochi,3-6 Years,Full Time,"Joybury, AE
      

2021-04-08"
"Producer, television/film/video",Tech Mahindra,Kochi,1-3 Years,Permanent,"Emmatown, AE
      

2021-04-08"
"Scientist, forensic",Tech Mahindra,Chennai,2-5 Years,Full Time,"Colehaven, AP
      

2021-04-08"
Bonds trader,Zomato,Mumbai,3-6 Years,Full Time,"Port Coryton, AE
      

2021-04-08"
Editorial assistant,Zomato,Chennai,2-5 Years,Permanent,"Amyborough, AA
      

2021-04-08"
Photographer,Tech Mahindra,Noida,3-6 Years,Permanent,"Reynoldsville, AA
      

2021-04-08"
Retail banker,Tech Mahindra,Mumbai,2-5 Years,Permanent,"Port Billy, AP
      

2021-04-08"
Jewellery designer,Swiggy,Pune,2-5 Years,Full Time,"Adamburgh, AA
      

2021-04-08"
Ophthalmologist,Infosys,Gurugram,0-2 Years,Permanent,"Wilsonmouth, AA
      

2021-04-08"
"Back-End Web Developer (Python, Django)",HCL,Noida,3-6 Years,Permanent,"South Kimberly, AA
      

2021-04-08"
Licensed conveyancer,Paytm,Ahmedabad,0-2 Years,Full Time,"Benjaminland, AP
      

2021-04-08"
Futures trader,Infosys,Mumbai,0-2 Years,Permanent,"Zacharyport, AA
      

2021-04-08"
Counselling psychologist,Tech Mahindra,Hyderabad,0-2 Years,Permanent,"Port Devonville, AE
      

2021-04-08"
Insurance underwriter,Infosys,Bengaluru,3-6 Years,Full Time,"East Thomas, AE
      

2021-04-08"
"Engineer, automotive",HCL,Noida,2-5 Years,Permanent,"New Jeffrey, AP
      

2021-04-08"
"Producer, radio",Capgemini,Hyderabad,2-5 Years,Permanent,"Davidside, AA
      

2021-04-08"
Dispensing optician,TCS,Kochi,0-2 Years,Full Time,"Jamesville, AA
      

2021-04-08"
"Designer, fashion/clothing",Cognizant,Pune,0-2 Years,Full Time,"New Kelly, AP
      

2021-04-08"
Chartered loss adjuster,Flipkart,Pune,2-5 Years,Permanent,"Lake Antonio, AA
      

2021-04-08"
"Back-End Web Developer (Python, Django)",Paytm,Hyderabad,1-3 Years,Permanent,"New Elizabethside, AA
      

2021-04-08"
Forest/woodland manager,Accenture India,Bengaluru,0-2 Years,Permanent,"Millsbury, AE
      

2021-04-08"
Clinical cytogeneticist,TCS,Noida,2-5 Years,Full Time,"Lloydton, AP
      

2021-04-08"
Print production planner,Paytm,Kochi,3-6 Years,Permanent,"Port Jeremy, AA
      

2021-04-08"
Systems developer,TCS,Chennai,2-5 Years,Permanent,"New Elizabethtown, AA
      

2021-04-08"
Graphic designer,TCS,Ahmedabad,3-6 Years,Full Time,"Charlesstad, AE
      

2021-04-08"
Writer,Swiggy,Pune,1-3 Years,Full Time,"Josephbury, AE
      

2021-04-08"
Field seismologist,Wipro,Chennai,3-6 Years,Full Time,"Seanfurt, AA
      

2021-04-08"
Chief Strategy Officer,Wipro,Bengaluru,1-3 Years,Full Time,"Williambury, AA
      

2021-04-08"
Air cabin crew,HCL,Mumbai,3-6 Years,Permanent,"South Jorgeside, AP
      

2021-04-08"
Python Programmer (Entry-Level),Capgemini,Chennai,2-5 Years,Full Time,"Robertborough, AP
      

2021-04-08"
Warden/ranger,Cognizant,Chennai,2-5 Years,Permanent,"South Saratown, AP
      

2021-04-08"
Sports therapist,HCL,Gurugram,1-3 Years,Full Time,"Hullview, AA
      

2021-04-08"
Arts development officer,Paytm,Ahmedabad,2-5 Years,Full Time,"Philipland, AP
      

2021-04-08"
Printmaker,Zomato,Noida,2-5 Years,Full Time,"North Patty, AE
      

2021-04-08"
Health and safety adviser,Capgemini,Bengaluru,2-5 Years,Full Time,"North Stephen, AE
      

2021-04-08"
Manufacturing systems engineer,Accenture India,Gurugram,0-2 Years,Full Time,"Stevensland, AP
      

2021-04-08"
"Programmer, applications",Infosys,Kochi,2-5 Years,Permanent,"Reyesstad, AE
      

2021-04-08"
Medical physicist,Capgemini,Chennai,3-6 Years,Permanent,"Bellberg, AP
      

2021-04-08"
Media planner,Accenture India,Pune,0-2 Years,Permanent,"North Johnland, AE
      

2021-04-08"
Software Developer (Python),Accenture India,Noida,1-3 Years,Full Time,"Martinezburgh, AE
      

2021-04-08"
"Surveyor, land/geomatics",Accenture India,Chennai,3-6 Years,Permanent,"Joshuatown, AE
      

2021-04-08"
Legal executive,Accenture India,Bengaluru,2-5 Years,Full Time,"West Ericstad, AA
      

2021-04-08"
"Librarian, academic",Cognizant,Noida,1-3 Years,Permanent,"Tuckertown, AE
      

2021-04-08"
Barrister,Paytm,Chennai,3-6 Years,Permanent,"Perezton, AE
      

2021-04-08"
Museum/gallery exhibitions officer,Infosys,Pune,2-5 Years,Permanent,"Lake Abigail, AE
      

2021-04-08"
"Radiographer, diagnostic",Tech Mahindra,Kochi,3-6 Years,Permanent,"Jacobshire, AP
      

2021-04-08"
Database administrator,Tech Mahindra,Gurugram,0-2 Years,Full Time,"Port Susan, AE
      

2021-04-08"
Furniture designer,Zomato,Ahmedabad,0-2 Years,Full Time,"North Tiffany, AA
      

2021-04-08"
Ship broker,Capgemini,Pune,2-5 Years,Full Time,"Michelleville, AP
      

2021-04-08"
